formal_name,district,measuring_type,log,lat,elevation (mtr)
Asara Ghat,Achham,Precipitation,81.444319444444,28.950294444444,632
Bangga Camp,Achham,Precipitation,81.149793055556,28.964648888889,1180
Mangalsen,Achham,Climatology,81.250091666667,29.136113888889,1310
Oli Gaun (Patkani),Achham,Precipitation-off,81.283133888889,29.155945,989
GOPGHAT (GOLAGHAT),ACHHAM,PRECIPITATION,81.274813055556,29.284956944444,1548
SAFEBAGAR,ACHHAM,PRECIPITATION,81.20845,29.2349,626
SUGALI,ACHHAM,PRECIPITATION,81.372938888889,29.179806944444,1668
BASTI,ACHHAM,Precipitation-off,81.171133333333,29.030983333333,474
SIDHARA,ARGAKHACHI,Precipitation,82.828383333333,27.7945,371
RANGSING,ARGAKHACHI,Precipitation,82.784008333333,27.803302777778,333
Khanchikot,Arghakhanchi,Climatology,83.129805555556,27.922055555556,1801
Sitapur(Nepaney),Arghakhanchi,Precipitation,83.139666666667,27.885027777778,1618
Sandhikharka,Arghakhanchi,Climate,83.120569444444,27.964022222222,1030
Dhorpatan,Baglung,Climatology,83.083333333333,28.483333333333,2820
Baglung,Baglung,Climatology,83.600322222222,28.263636111111,964
Bobang,Baglung,Precipitation,83.084472222222,28.397361111111,1722
Rangkhani,Baglung,Precipitation,83.558244444444,28.144088888889,1728
BHIMGITHHE,BAGLUNG,Precipitation,83.178638888889,28.276527777778,1008
GALKOT,BAGLUNG,PRECIPITATION,83.418811111111,28.218691666667,1162
Patan (West),Baitadi,Climatology,80.5457511,29.467137,1292
Kakerpakha,Baitadi,Precipitation,80.538161111111,29.658256944444,783
BINAYAK,BAITADI,PRECIPITATION,80.293278055556,29.450061111111,465
DAINSILI,BAITADI,Climatology,80.656015,29.416473888889,2083
Patan New,Baitadi,Climatology,80.55057,29.466388888889,1299
Baitadi (Gothpani),BAitadi,Climatology,80.41317,29.55744,1352
Pipalkot,Bajhang,Precipitation,80.84791,29.61881,1455
Chainpur (West),Bajhang,Climatology-off,81.216666666667,29.55,1304
AGRA,BAJHANG,Precipitation-off,81.35,29.733333,\N
RAISALLI (Daulichaur),BAJHANG,Precipitation,81.21613,29.65889,2011
THALARA,BAJHANG,PRECIPITATION,81.07092,29.56154,2360
Sunkuda,BAJHANG,PRECIPITATION,80.89738,29.48912,894
RAYAL,BAJHANG,Precipitation,80.95405,29.464595,919
KALUKHETI,BAJHANG,PRECIPITATION,81.16838,29.44736,1447
Chainpur Bajhang AWS climate ,Bajhang,Climatology,81.20114,29.54589,1405
Bajura (Martadi),Bajura,Climatology,81.480383888889,29.456978888889,1598
OIRANO,BAJURA,PRECIPITATION,80.423433888889,29.410978888889,1116
KOLTI,BAJURA,Precipitation,81.666176111111,29.503486944444,1411
KAILASMANDU,BAJURA,PRECIPITATION,81.333858888889,29.352916944444,917
SAPTA,BAJURA,Precipitation,81.718926111111,29.403306944444,1099
Satbanjh,Baltadi,Precipitation,80.497411944444,29.4973,1881
Kusum,Banke,Precipitation-off,82.093888888889,28.0075,200
Khajura (Nepalganj),Banke,Agrometeorology,81.590305555556,28.113683333333,129
Naubasta,Banke,Precipitation,81.652702777778,28.230225,161
Nepalgunj(Reg.Off.),Banke,Climatology,81.6228389,28.0519944,141
Sikta,Banke,Agrometeorology,81.974916666667,28.029861111111,161
Nepalgunj Airport,Banke,Aeronautical,81.668247222222,28.100555555556,165
Nepalgunj Airport,Banke,Aeronautical,81.668247222222,28.100555555556,165
DHAKERI,BANKE,PRECIPITATION,81.766143888889,28.157153888889,153
BELMAR,BANKE,PRECIPITATION,81.584055555556,28.067825,134
BHAGAWANPUR,BANKE,PRECIPITATION,81.785694444444,27.947483333333,137
Amlekhganj,Bara,Precipitation-off,84.9919,27.2813,310
Simara Airport,Bara,Aeronautical,84.98,27.164166666667,137
Nijgadh,Bara,Precipitation,85.170475,27.203005555556,244
Parwanipur,Bara,Agrometeorology,84.9329,27.079,87
Kalaiya,Bara,Precipitation,85.0012,27.0354,100
Kolbhi,Bara,Precipitation,85.175347222222,27.074566666667,114
Chyuntaha,Bara,Precipitation,85.1333333,26.95,86
Simara Airport,Bara,Aeronautical,84.98,27.1641667,137
Gulariya,Bardiya,Climatology,81.345211111111,28.212786111111,126
Chisapani(Karnali),Bardiya,Climatology,81.285427777778,28.647219444444,201
Rajapur,Bardiya,Precipitation,81.097583333333,28.434027777778,133
Shyano Shree(Chepang),Bardiya,Precipitation-off,81.719166666667,28.353055555556,510
Bargadaha,Bardiya,Precipitation,81.338036111111,28.425886111111,166
Rani Jaruwa Nursery,Bardiya,Climatology,81.337841666667,28.337358333333,145
KUMALGAUN,BARDIYA,PRECIPITATION,81.312081111111,28.349545,144
TARATAL,BARDIYA,PRECIPITATION,81.275863888889,28.307825,141
RAMBHAPUR,BARDIYA,PRECIPITATION,81.414283333333,28.363538888889,150
MANPUR,BARDIYA,PRECIPITATION,81.480088888889,28.185561111111,132
Nangkhel,Bhaktapur,Precipitation,85.4615833,27.645725,1413
Nagarkot,Bhaktapur,Climatology,85.520858333333,27.693347222222,2147
Mahadeu Khol,Bhaktapur,Precipitation,85.43333333,27.63333333,1420
Bhaktapur,Bhaktapur,Climatology,85.423969444444,27.676680555556,1315
Changu Narayan,Bhaktapur,Climatology,85.426755555556,27.716058333333,1502
Sanga,Bhaktapur,Precipitation,85.48333333,27.63333333,1524
Bhojpur,Bhojpur,Agrometeorology,87.0486266,27.1944798,1595
Dingla,Bhojpur,Precipitation,87.2177064,27.5282716,1169
Rampur,Chitawan,Agrometeorology,84.3507944,27.654025,189
Jhuwani,Chitawan,Precipitation,84.5223,27.5909,177
Bharatpur,Chitawan,Precipitation,84.43333333,27.66666667,223
T I Ger Top,Chitawan,Precipitation,84.23333333,27.58333333,190
Bharatpur,Chitawan,Climatology,84.429344444444,27.689019444444,216
SHAKTIKHOR,CHITAWAN,Precipitation-off,84.585255555556,27.721136111111,333
BHARATPUR,CHITWAN,PRECIPITATION,84.422272222222,27.673033333333,213
MEGHAULI,CHITWAN,PRECIPITATION,84.2242222,27.5804833,157
MADI KALYANPUR,CHITWAN,PRECIPITATION-off,84.3431641,27.4589827,240
Bankatta RiukholaÂ ,Chitwan,"Rainfall,Automatic",84.278768,27.503344,
Charchare,Chitwan,"Rainfall,Tipping Bucket",84.3037409,27.4231715,221
Gobindabasti,Chitwan,"Precipitation,TPB",84.44,27.426,258
Dadeldhura,Dadeldhura,Synoptic,80.587751944444,29.301352,1879
Dadeldhura,Dadeldhura,Synoptic,80.5877519,29.301352,1879
RUPAL,DADELDHURA,PRECIPITATION,80.373015,29.2883931,1458
SAHUKHARKA,DADELDHURA,PRECIPITATION,80.623866944444,29.211375833333,2092
JOGBUGHA,DADELDHURA,PRECIPITATION,80.347407777778,29.127857777778,379
Dailekh,Dailekh,Climatology,81.708483333333,28.838111111111,1394
Bale Budha (Tallo Dhungeshwor),Dailekh,Precipitation,81.584344444444,28.7844,590
GWATI,DAILEKH,PRECIPITATION,81.750191666667,28.907111111111,1472
RANIMATTA,DAILEKH,PRECIPITATION,81.6288028,28.6944278,2157
DADIMADI,DAILEKH,PRECIPITATION,81.626083333333,28.922027777778,1281
KATTI,DAILEKH,PRECIPITATION,81.821444444444,28.780222222222,1224
Nayabasti (Dang),Dang,Precipitation,82.1393939,28.201323,685
Tulsipur,Dang,Climatology,82.302783333333,28.131747222222,683
Ghorahi (Masina),Dang,Precipitation-off,82.5,28.05,725
Koilabas,Dang,Precipitation,82.525126944444,27.692333055556,200
Ghorai (Dang),Dang,Synoptic,82.484156,28.037198888889,663
Tulsipur Ii,Dang,Agrometeorology,82.3,28.116666666667,725
Ghorai (Dang),Dang,Synoptic,82.484156,28.037198888889,663
PADHAMPUR,DANG,PRECIPITATION,82.135467,28.188545,656
AMBAPUR,DANG,PRECIPITATION,82.27189,28.00851,586
SUKHABARE,DANG,PRECIPITATION,82.390795,28.015945,586
RATAMATA,DANG,PRECIPITATION,82.61207,27.962816944444,517
RAMPUR (Beljhundi),DANG,PRECIPITATION,82.363666666667,28.100272222222,649
GANGADI,DANG,PRECIPITATION,82.335096111111,27.884868888889,216
LAMAHI,DANG,PRECIPITATION,82.536666666667,27.870555555556,243
LALMATIYA,DANG,PRECIPITATION,82.726122222222,27.842430555556,287
GADHAWA,DANG,PRECIPITATION,82.5387819,27.8156,231
Jalkundi,DANG,Precipitation-off,82.228373055556,27.961016111111,204
Darchula,Darchula,Climatology,80.545393888889,29.844961944444,945
LUMPTHI,DARCHULA,PRECIPITATION,80.822158055556,29.782551944444,1653
DHAULATIYA (Dallekhdhar),DARCHULA,PRECIPITATION,80.624715,29.799231944444,2071
DHARMPANIYA,DARCHULA,PRECIPITATION,80.389003888889,29.740931944444,1167
GOKULESHWOR,DARCHULA,PRECIPITATION,80.6,29.716667,\N
GOKULESHWOR,DARCHULA,PRECIPITATION-off,80.55,29.666667,\N
Darchula New,Darchula,Climatology,80.538848055556,29.842878055556,887
Gokuleshwar,Darchula,Climatology,80.561944444444,29.678055555556,761
Aru Ghat D.Bazar,Dhading,Precipitation-off,84.82,28.05,518
Dhading,Dhading,Climatology-off,84.8961333,27.9125056,630
Dhunibesi,Dhading,Climatology,85.1642,27.723116666667,991
Majhimtar,Dhading,Precipitation,84.7055012,27.8053359,327
Gajuri,Dhading,Precipitation,84.8797782,27.8027074,430
Pakhribas,Dhankuta,Agrometeorology,87.2925,27.046338888889,1720
Leguwa Ghat,Dhankuta,Precipitation,87.289194444444,27.153388888889,446
Muga,Dhankuta,Precipitation-off,87.244444444444,27.0500025,1457
Dhankuta,Dhankuta,Synoptic,87.345955555556,26.983219444444,1192
Mul Ghat,Dhankuta,Precipitation,87.31969,26.93175,286
Tribeni (Dhankuta),Dhankuta,Precipitation,87.15986,26.914242777778,146
Barahkshetra,Dhankuta,Climatology,87.166666666667,26.866666666667,146
Paripatle(H,Dhankuta,Climate,87.3,27.016666666667,1364
Machhuwaghat,Dhankuta,Precipitation,87.154722222222,26.938055555556,168
Dhankuta,Dhankuta,Synoptic,87.345955555556,26.983219444444,1192
Utinpur,Dhanusa,Precipitation,85.96666667,26.71666667,90
Tulsi,Dhanusa,Precipitation,85.920897222222,27.012955555556,271
Chisapani Bazar,Dhanusa,Precipitation,86.1450531,26.930074,127
Hardinath,Dhanusa,Climatology,85.9833333,26.8,93
Janakpur Airport,Dhanusa,Aeronautical,85.924422222222,26.71075,76
Janakpur Airport,Dhanusa,Aeronautical,85.924422222222,26.71075,76
Thodung,Dolakha,Climatology,86.35,27.6166667,3120
Nagdaha,Dolkha,Precipitation,86.103993888889,27.676331111111,909
Charikot,Dolkha,Climatology-off,86.05,27.6666667,1940
Jiri,Dolkha,Agrometeorology,86.232113888889,27.630447222222,1877
Melung,Dolkha,Precipitation,86.05,27.516666666667,1536
Kabre,Dolkha,Agrometeorology,86.133333333333,27.633333333333,1755
Dunai,Dolpa,Precipitation,82.896047222222,28.95065,2098
BIUNTHARI,DOLPA,Precipitation,82.762877777778,29.031547222222,2440
KAIGAUN,DOLPA,PRECIPITATION,82.601566666667,29.116072222222,2683
JUPHAL,DOLPA,PRECIPITATION,82.820744444444,28.983633333333,2475
Silgadhi Doti,Doti,Climatology,80.983602,29.268036,1309
Katai,Doti,Precipitation,81.133333333333,29,1388
Khaptad,Doti,Precipitation-off,81.146301111111,29.388048888889,3068
Kola Gaun,Doti,Precipitation,80.709447777778,29.120151944444,1364
Dipayal (Doti),Doti,Synoptic,80.936900833333,29.262096944444,563
Dipayal (Doti),Doti,Synoptic,80.936900833333,29.262096944444,563
JHINGRANA,DOTI,PRECIPITATION,81.045105,29.341060833333,2249
GAIRA,DOTI,PRECIPITATION,80.600738,29.163852777778,1856
DUMRAKOT,DOTI,PRECIPITATION,81.0118,29.163351944444,1042
CHIURI,DOTI,PRECIPITATION,80.804431944444,28.998363055556,1492
Jhingrana,Doti,Climatology-wrong station,81.045,29.341111111111,2249
Jagat (Setibas),Gorkha,Precipitation,84.9,28.366666666667,1334
Larke Samdo,Gorkha,Precipitation,84.616666666667,28.666666666667,3650
Gorkha,Gorkha,Agrometeorology,84.589444444444,27.971388888889,724
Chhekampar,Gorkha,Precipitation-off,85,28.483333333333,3300
CHUMCHET,Gorkha,Precipitation,84.902644444444,28.426936111111,\N
SAMA GAUN,GORKHA,Precipitation-off,84.65,28.583333,\N
NAMRUNG,GORKHA,Precipitation,84.766667,28.55,\N
MACHHI KHOLA,GORKHA,Precipitation,84.733333333333,28.2,\N
BARPAK,GORKHA,PRECIPITATION,84.75,28.2,1889
Laprak,Gorkha,Precipitation,84.8014833,28.2191278,\N
Ridi Bazar,Gulmi,Precipitation,83.443152777778,27.938566666667,494
Musikot,Gulmi,Precipitation,83.268027777778,28.169980555556,1353
Tamghas,Gulmi,Climatology,83.240779,28.0539068,1547
AGIMIR,GULMI,PRECIPITATION,83.113275,28.164155,1493
BHARSE,GULMI,Precipitation,83.437697222222,28.070402777778,1626
DAUGHA,GULMI,Precipitation,83.338116666667,27.9365,960
Darma,Humla,Precipitation,82.07185,29.730568888889,2288
Simikot,Humla,Climatology,81.816111111111,29.971533333333,2993
KIRMI,HUMLA,PRECIPITATION,81.702758055556,30.051833888889,2859
GHATYA KHOLA,HUMLA,Precipitation,81.879201944444,29.919661944444,2230
THALI,HUMLA,precipitation,81.87973,29.850996944444,2293
GOTHI,HUMLA,PRECIPITATION,81.952645,29.778278055556,1680
Simikot Airport,Humla,Climatology-off,81.816111111111,29.971666666667,2997
Jaubari,I lam,Climatology,88,27.066666666667,3050
Ilam Tea Estate,Ilam,Climatology,87.923083333333,26.909638888889,1208
Himali Gaun,Ilam,Precipitation,88.027388888889,26.886527777778,1654
Soktim Tea E,Ilam,Climate,87.9,26.8,530
Kanyam Tea Estate,Ilam,Climatology,88.078333333333,26.868055555556,1570
Jajarkot,Jajarkot,Climatology,82.200792,28.698603888889,1240
Maina Gaun (D.Bas),Jajarkot,Precipitation,82.268888,28.961315,1913
BHANU THANA,JAJARKOT,Precipitation-off,81.6,28.966667,\N
PIPALCHAUR,JAJARKOT,PRECIPITATION,82.2864,28.7300661,783
JAGATIPUR,JAJARKOT,PRECIPITATION,82.156378055556,28.657218888889,1386
Damak,Jhapa,Climatology,87.7004293,26.6706658,119
Anarmani Birta,Jhapa,Precipitation,87.9885806,26.6250639,122
Sanischare,Jhapa,Precipitation,87.988611111111,26.689722222222,168
Gaida (Kankai) ,Jhapa,Climatology,87.860722222222,26.656888888889,107
Kechana,Jhapa,Climatology,88.00375,26.396166666667,71
Chnadra Gadhi,Jhapa,Rainfall,88.0614307,26.5647011,90
Jumla,Jumla,Synoptic,82.179577777778,29.274661111111,2363
Guthi Chaur,Jumla,Precipitation,82.330419444444,29.230880555556,2727
Dipal Gaun,Jumla,Climatology,82.223011111111,29.263855555556,2422
Jumla,Jumla,Synoptic,82.179577777778,29.274661111111,2363
Jumla A/P ,Jumla,Climatology,82.19415,29.273966666667,2384
CHAUTHA,JUMLA,PRECIPITATION,82.107444444444,29.431111111111,2785
JACHA,JUMLA,PRECIPITATION,81.974333333333,29.377952777778,2380
RUDU(NARAKOT),JUMLA,PRECIPITATION,81.986291666667,29.327677777778,2364
JAMNA (Dillichaur),JUMLA,PRECIPITATION,82.283333,29.316667,2438
TATOPANI,JUMLA,PRECIPITATION,82.066358333333,29.233463888889,2288
RIMICHAUR,Jumla,Precipitation,82.215698055556,29.31988,2692
Mandan,Kabhre,Precipitation,85.635637,27.693823888889,1358
Dolal Ghat,Kabhre,Precipitation,85.704980833333,27.638821944444,659
Dhulikhel,Kabhre,Climatology,85.565502777778,27.616116666667,1543
Budal (Banepa),Kabhre,Precipitation,85.51666667,27.63333333,1475
Panchkhal,Kabhre,Agrometeorology,85.620955555556,27.645202777778,857
Dhangadhi,Kailali,NA,80.6,28.683333333333,187
Tikapur,Kailali,Climatology,81.115119444444,28.536497222222,149
Sandepani,Kailali,Precipitation,80.978508888889,28.664176111111,159
Sitapur,Kailali,Precipitation,80.831765,28.554055,148
Godavari(West),Kailali,Climatology,80.579188888889,28.87623,280
Teghari,Kailali,Climatology-off,80.566666666667,28.833333333333,190
MALAKHETI,KAILALI,PRECIPITATION,80.519076,28.828056111111,185
CHAUMALA,KAILALI,PRECIPITATION,80.742926944444,28.774151944444,171
GOGANEPANI,KAILALI,PRECIPITATION,81.245871944444,28.656296944444,1070
GARMAN DARBAR,KAILALI,PRECIPITATION,80.767402,28.896073888889,1280
BALIYA,KAILALI,PRECIPITATION,81.142781111111,28.628278888889,167
BHAJANI,KAILALI,PRECIPITATION,80.969543055556,28.489843888889,132
Dhangadhi(Attariya),Kaliali,Synoptic,80.559951111111,28.812728888889,184
Thirpu,Kalikot,Precipitation,81.751861111111,29.303222222222,1017
Sheri Ghat,Kalikot,Precipitation,81.588361111111,29.129958333333,1090
Nagma,Kalikot,Climatology,81.910569444444,29.200605555556,2017
Bijayapur (Raskot),Kalikot,Precipitation,81.639138888889,29.2495,1822
MANMA,KALIKOT,Climatology,81.613538888889,29.148797222222,1729
GELA,KALIKOT,PRECIPITATION,81.700527777778,29.096444444444,1732
Mahendra Nagar,Kanchanpur,Agrometeorology,80.23049,28.954771944444,197
Belauri Santipur,Kanchanpur,Precipitation,80.375403888889,28.698575,164
HANMANNAGAR,KANCHANPUR,PRECIPITATION,80.286191944444,28.966433888889,213
KALLAGOTH(Krishnapur),KANCHANPUR,PRECIPITATION,80.440441944444,28.861858888889,189
DODHARA,KANCHANPUR,PRECIPITATION,80.088282777778,28.888237777778,175
PARSIA,KANCHANPUR,PRECIPITATION,80.388163888889,28.773723055556,170
BICHAWA,KANCHANPUR,PRECIPITATION,80.51848,28.773342777778,176
JHALARI,KANCHANPUR,PRECIPITATION,80.369963888889,28.89702,195
Taulihawa,Kapilbastu,Climatology,83.067169444444,27.571075,106
Pattharkot (West),Kapilbastu,Precipitation,83.048458333333,27.756491666667,190
Bhagwanpur,Kapilbastu,Precipitation,82.7911917,27.6699361,148
BANGANGA,KAPILVASTU,Precipitation,83.1612556,27.6932944,140
BAHADUR GANJ,KAPILVASTU,PRECIPITATION,83.85,27.55,\N
Sallyan (Kaski),Kaski,Precipitation,83.796025,28.276525,1591
Pamdur,Kaski,Precipitation,83.833036111111,28.289577777778,1726
Pokhara (Hospital),Kaski,Climatology,84,28.233333333333,866
Pokhara Airport,Kaski,Aeronautical,83.979522222222,28.200183333333,827
Malepatan (Pokhara),Kaski,Agrometeorology,83.9742,28.218494444444,859
Bhadaure Deurali,Kaski,Precipitation,83.822119444444,28.265555555556,1617
Lumle,Kaski,Agrometeorology,83.817911111111,28.296538888889,1738
Lamachaur,Kaski,Precipitation,83.968733333333,28.261680555556,992
Ghandruk,Kaski,Precipitation,83.8,28.383333333333,1960
Siklesh,Kaski,Precipitation,84.105175,28.358055555556,1996
Begnas Tal,Kaski,Precipitation-off,84.1,28.2,900
Khuldi,Kaski,precipitation,83.833333333333,28.433333333333,2100
Pokhara Reg. Off.,Kaski,Climatology-off,84,28.22,827
Pokhara Airport,Kaski,Aeronautical,83.979522222222,28.200183333333,827
GHALE KHARKA,KASKI,Climatology,83.999055555556,28.344727777778,1665
RIVAN,KASKI,PRECIPITATION,83.91145,28.3250167,1506
YAMJAKOT,KASKI,PRECIPITATION,84.099980555556,28.255911111111,1478
PUMDHI BUMDHI,KASKI,Precipitation,83.8915417,28.2120111,1565
BEGNAS,KASKI,Climatology,84.089316666667,28.166030555556,682
NIRMAL POKHARI,KASKI,Precipitation,84.007733333333,28.145216666667,975
Panchase,Kaski,Climatology,83.797233333333,28.228969444444,2492
Jyamirebari,Kaski,Climatology,83.982913888889,28.402666666667,1525
Sundarijal,Kathmandu,Precipitation,85.4277003,27.7726953,1658
Naikap,Kathmandu,Precipitation,85.255475,27.700941666667,1477
Sundarijal,Kathmandu,Precipitation,85.4323905,27.7550853,1384
Nagarjun,Kathmandu,Precipitation,85.277158333333,27.757877777778,1393
Jitpurphedhi,Kathmandu,Precipitation,85.290494444444,27.784191666667,1409
Tarebhir,Kathmandu,Climatology,85.4,27.78333333,1848
Kathmandu (Usaid),Kathmandu,Climatology,85.33333333,27.7,1335
Sundari Jal(Pwr.House),Kathmandu,Precipitation,85.41666667,27.75,1380
Sundari Jal(Water Res.),Kathmandu,Precipitation,85.43333333,27.78333333,1600
Kathmandu ( I. E. ),Kathmandu,Climatology,85.33333333,27.73333333,1324
Thankot,Kathmandu,Precipitation,85.221313888889,27.688197222222,1457
Kathmandu (Lazimpat),Kathmandu,Climatology,85.33333333,27.73333333,1326
Sankhu,Kathmandu,Precipitation,85.4769,27.744366666667,1436
Chilaune Gaun,Kathmandu,Climatology,85.41666667,27.8,1920
Panipokhari(Kathmandu),Kathmandu,Climatology,85.32415,27.728636111111,1329
Gokarna,Kathmandu,Precipitation,85.4,27.73333333,1400
Khudkhu Khol,Kathmandu,Precipitation,85.35,27.6,1450
Kathmandu (L,Kathmandu,Precipitation,85.31666667,27.7,1330
Phutung,Kathmandu,Precipitation,85.31666667,27.76666667,1390
Pharping,Kathmandu,Precipitation,85.3,27.61666667,1500
Panchmane,Kathmandu,Precipitation,85.31666667,27.78333333,1712
Budhanilakan,Kathmandu,Precipitation,85.3577778,27.7972222,1442
Tokha,Kathmandu,Precipitation,85.43333333,27.8,1790
Sundarijal,Kathmandu,Precipitation,85.43333333,27.75,1357
Sivapuri,Kathmandu,Precipitation,85.38333333,27.81666667,2716
Pharping,Kathmandu,Precipitation,85.26666667,27.61666667,1537
Maharajganj,Kathmandu,Precipitation,85.333333333333,27.733333333333,1294
Babarmahal,Kathmandu,AWS,85.326,27.693,1295
Kathmandu Airport,Kathmandu,Aeronautical,85.356247222222,27.703825,1337
Kathmandu Airport,Kathmandu,Aeronautical,85.356247222222,27.703825,1337
Sankhu AWS,Kathmandu,AWS,85.466666666667,27.75,1805
Thankot AWS,Kathmandu,Climatology,85.201666666667,27.703833333333,1730
Buddhanilakantha,Kathmandu,Climatology-off,85.3522048,27.7645793,1428
Aisealukhark,Khotang,Precipitation,86.7486619,27.359795,2064
Dwarpa,Khotang,Climatology,86.85,27.216666666667,1829
Kurle Ghat,Khotang,Precipitation,86.4317585,27.1408985,341
Khotang Bazar,Khotang,Precipitation,86.843372777778,27.029300833333,1305
Diktel,Khotang,Climatology,86.791885833333,27.212521944444,1612
Lele,Lalitpur,Precipitation,85.3540444,27.576825,1594
Tikathali,Lalitpur,Precipitation,85.3697083,27.659325,1305
Lalitpur (Kopundol),Lalitpur,Climatology,85.33333333,27.68333333,1303
Kritipur (Bagban),Lalitpur,Agrometeorology,85.3,27.68333333,1364
Godavari,Lalitpur,Climatology,85.3788333,27.5929167,1527
Khumaltar,Lalitpur,Agrometeorology,85.325775,27.651752777778,1334
Tika Bhairab,Lalitpur,Precipitation,85.3166667,27.5666667,1524
Chapa Gaun,Lalitpur,Precipitation,85.326563888889,27.603258333333,1478
Lubhu,Lalitpur,Precipitation,85.38333333,27.65,1341
Khokana,Lalitpur,Climatology,85.296716666667,27.643772222222,1309
Kunchha,Lamiung,Precipitation,84.344941666667,28.126777777778,820
Khudi Bazar,Lamjung,Climatology,84.3454164,28.2822083,838
Gharedhunga,Lamjung,Precipitation,84.580027777778,28.147505555556,1088
BHUJUNG,LAMJUNG,PRECIPITATION,84.266002777778,28.309647222222,1690
FALENI,LAMJUNG,Precipitation,84.479297222222,28.255966666667,1278
BESISHAHAR,LAMJUNG,Climatology-off,84.383333,28.233333,686
GILUNG,LAMJUNG,Precipitation,84.241538888889,28.218138888889,1430
BHORLETAR,LAMJUNG,Precipitation,84.230619444444,28.143052777778,469
RAINASTAR,LAMJUNG,PRECIPITATION,84.476694444444,28.076216666667,588
Gausala,Mahottari,Precipitation,85.783333333333,26.883333333333,200
Jalesore,Mahottari,Climatology,85.807275,26.652247222222,68
Chisapani Gadhi,Makwanpur,Precipitation,85.1386067,27.5599456,1729
Daman,Makwanpur,Precipitation-off,85.0928,27.6044,2265
Hetaunda N.F.I.,Makwanpur,Climatology,85.0279,27.4227,452
Markhu Gaun,Makwanpur,Precipitation,85.1496,27.619,1535
Hetanuda(Ind. Dist),Makwanpur,Precipitation,85.03333333,27.43333333,466
Makwanpur Gadhi,Makwanpur,Precipitation,85.1562,27.4162,1050
Beluwa(Manahari),Makwanpur,Precipitation,84.8092,27.5347,272
Rajaiya,Makwanpur,Precipitation-off,84.8818972,27.4673639,354
Kulekhani,Makwanpur,Precipitation,85.16666667,27.58333333,1697
SHILINGE,MAKWANPUR,PRECIPITATION,84.7416103,27.6350819,828
Chame,Manang,Climatology-off,84.2333333,28.55,2680
Manang Bhot,Manang,Precipitation,84.022571944444,28.666270833333,3556
Phu Gaun,Manang,Precipitation-off,84.283333333333,28.766666666667,4100
Humde,Manang,Climatology,84.088115833333,28.639896944444,3401
NAAR,MANANG,PRECIPITATION,84.19841,28.680988888889,4195
GOGA,MANANG,PRECIPITATION,84.381044444444,28.544861111111,2256
PISANG GOUN,MANANG,Precipitation,84.149985,28.612865,3214
TAAL,MANANG,Precipitation,84.3730739,28.46717,1670
CHHOSHER,MANANG,CLIMATOLOGY,83.983333,29.2160678,\N
Haraincha,Morang,Precipitation-off,87.370747777778,26.610008888889,93
Biratnagar,Morang,Climatology,87.283333333333,26.466666666667,67
Biratnagar Airport,Morang,Aeronautical,87.267006,26.483967,72
Letang,Morang,Precipitation,87.501666666667,26.734166666667,256
Mugu,Mugu,Precipitation-off,82.55,29.75,3803
Gam Shree Nagar,Mugu,Climatology,82.154277777778,29.550305555556,2113
Rara,Mugu,Climatology,82.081825,29.540125,2989
BAU KHOLA (BAM),MUGU,PRECIPITATION,82.134898888889,29.613876111111,2821
MANGRI,MUGU,PRECIPITATION,82.305803055556,29.589043055556,2257
GAMTHA,MUGU,PRECIPITATION,81.892673888889,29.508678888889,1848
SEROGE,MUGU,PRECIPITATION,82.395073888889,29.57769,2245
Jomsom,Mustang,Climatology,83.729816666667,28.784011111111,2741
Thakmarpha,Mustang,Agrometeorology,83.681833333333,28.738872222222,2655
Lete,Mustang,Climatology,83.609222222222,28.632733333333,2490
Ranipauwa (M.Nath),Mustang,Precipitation,83.862222222222,28.815555555556,3671
Ghami (Mustang),Mustang,Precipitation-off,83.883333333333,29.05,3465
Mustang(Lomangthang),Mustang,Climatology-off,83.966666666667,29.183333333333,3705
Dhiee,Mustang,Precipitation-off,84,29.1,3620
Samar Gaun,Mustang,Precipitation,83.801629,28.96202,3610
Sanda,Mustang,Precipitation,83.683333333333,28.9,3570
Chhoser,Mustang,Climatology,83.979815,29.227131944444,3886
Tatopani,Myagdi,Precipitation,83.640415833333,28.477492777778,1161
Beni Bazar,Myagdi,Climatology,83.566666666667,28.350833333333,835
Gurja Khani,Myagdi,Climatology-off,83.700833333333,28.398555555556,2872
Ghorepani,Myagdi,Precipitation,83.733333333333,28.4,2742
Darbang,Myagdi,Precipitation,83.4,28.383333333333,1160
Bega,Myagdi,Precipitation,83.576185,28.442713888889,1682
Kuhun,Myagdi,Precipitation,83.483333333333,28.383333333333,1550
Muna,Myagdi,Precipitation,83.3,28.5,1970
Baghara,Myagdi,Precipitation,83.383333333333,28.566666666667,2330
Beluwa (Girwari),Nawalparasi,Precipitation,84.074383333333,27.674883333333,237
Dumkauli,Nawalparasi,Agrometeorology,84.2285417,27.680675,183
Parasi,Nawalparasi,Climatology,83.662183333333,27.51925,112
Bara Ghat,Nawalparasi,Precipitation,83.783333333333,27.55,142
Dumkibas,Nawalparasi,Precipitation,83.867702777778,27.591022222222,167
Tamaspur,Nawalparasi,Precipitation,82.95,27.566666666667,150
Tribhuvan Tar,Nawalparasi,Precipitation,84.1,27.616666666667,174
Rambas,Nawalparasi,Precipitation,84.166666666667,27.7,423
Kritipur Chuli,Nawalparasi,Precipitation,84.183333333333,27.733333333333,842
Koluwa,Nawalparasi,Precipitation,84.05,27.566666666667,134
Koilapani,Nawalparasi,Precipitation,84.133333333333,27.683333333333,258
Semari,Nawalparasi,Climatology,83.7861167,27.4681889,110
Trisuli,Nuwakot,Climatology,85.15,27.91666667,595
Nuwakot,Nuwakot,Climatology,85.164638888889,27.914975,966
Kakani,Nuwakot,Agrometeorology,85.2697778,27.8143889,2030
Ranipauwa,Nuwakot,Agrometeorology,85.2323034,27.8169703,1828
Bridhara,Nuwakot,Precipitation,85.41666667,27.78333333,1454
Pansayakhola,Nuwakot,Precipitation,85.106230555556,28.028511111111,1982
Okhaldhunga,Okhaldhunga,Synoptic,86.504225,27.308120833333,1731
Mane Bhanjyang,Okhaldhunga,Precipitation,86.444357777778,27.214726944444,1529
Okhaldhunga,Okhaldhunga,Synoptic,86.504225,27.308120833333,1731
Tansen,Palpa,Climatology,83.538711111111,27.863661111111,1183
Gandakot,Palpa,Precipitation,83.956030555556,27.865411111111,519
BALDYANGGADI,PALPA,Precipitation,83.3131389,27.8081073,1640
JALPA,PALPA,Precipitation,83.726361111111,27.806055555556,1512
ARCHALE,PALPA,Precipitation,83.857611111111,27.782611111111,1005
CHAMEHAT,PALPA,PRECIPITATION,83.634955555556,27.824794444444,\N
HATTILUNG,PALPA,PRECIPITATION,83.620222222222,27.721694444444,1127
Pangthung Do,Panchther,Climate,87.816666666667,27.683333333333,2818
Memeng Jagat,Panchther,Precipitation,87.9297869,27.185503,1590
Angbung,Panchther,Climatology,87.716666666667,27.266666666667,1219
Phidim (Panchther),Panchther,Climatology,87.765595,27.143673888889,1157
DEDHGAUNTAR,PARASI,PRECIPITATION,84.07735,27.851508333333,379
DEURALI NAWAL,PARASI,Precipitation,83.778675,27.679802777778,238
BARDAGHAT,PARASI,PRECIPITATION,83.7859556,27.557175,126
TRIBENI,PARASI,Precipitation,83.932344444444,27.453441666667,118
Karki Neta,Parbat,Precipitation,83.7485405,28.1772667,1642
Kushma,Parbat,Climatology,83.676918888889,28.224936111111,900
Tribeni,Parbat,Precipitation,83.645222222222,28.034138888889,673
Sirkon,Parbat,Precipitation,83.634708333333,28.127322222222,731
Birganj,Parsa,Climatology-off,84.8781879,27.0230973,67
THORI,PARSA,PRECIPITATION-off,84.578611111111,27.363333333333,243
SEULIBANG,PYUTHAN,PRECIPITATION,82.949994444444,28.311491666667,1685
PHOPLI,PYUTHAN,PRECIPITATION,82.8746222,28.1859611,1641
SWARGDWARI,PYUTHAN,PRECIPITATION,82.701303055556,28.128441944444,1232
HANSPUR,PYUTHAN,PRECIPITATION,82.8788219,27.9542539,742
Bijuwar Tar,Pyuthan,Cliamte,82.8520192,28.1035587,835
Ramechhap,Ramechhap,Precipitation,86.08333333,27.31666667,1395
Manthali,Ramechhap,Climatology,86.0619199,27.3940932,497
Timure,Rasuwa,Climatology,85.366225,28.253325,1725
Kyangjin (Langtang),Rasuwa,Climatology,85.58333333,28.21666667,3817
Gatlang,Rasuwa,Climatology,85.26666667,28.15,2350
Thamachit,Rasuwa,Precipitation,85.301838888889,28.183522222222,1770
Dhunche,Rasuwa,Climatology,85.301761111111,28.109988888889,1993
Paigutang,Rasuwa,Climatology,85.183333333333,28.216666666667,4091
Libang Gaun,Rolpa,Climatology,82.6323139,28.3061972,1314
KEUR GAUN,ROLPA,PRECIPITATION,82.362805555556,28.4229,2145
RULBANG (Juwang),ROLPA,Precipitation,82.764888888889,28.306022222222,1046
DANMAN,ROLPA,Precipitation-off,82.483333,28.233333,\N
SULICHOUR(SARICHOUR),ROLPA,PRECIPITATION,82.729186111111,28.247219444444,845
Ramoli Bairiya,Routahat,Precipitation,85.380708333333,27.015847222222,152
Gaur,Routahat,Climatology-off,85.3130333,26.7671,77
Rukumkot,Rukum,Precipitation,82.620663888889,28.612803055556,1568
Shera Gaun,Rukum,Precipitation,82.8153731,28.5782581,2170
Chaurjhari Tar,Rukum,Climatology,82.2103069,28.6539931,863
Musikot(Rukumkot),Rukum,Climatology,82.462201944444,28.61844,1412
KOTJHARI,RUKUM,PRECIPITATION,82.23406,28.65843,1142
Butwal,Rupandehi,Climatology,83.4663056,27.6943889,180
Bhairahawa Airport,Rupandehi,Aeronautical,83.4204472,27.5068194,108
Bhairahawa (Agric),Rupandehi,Agrometeorology,83.4581167,27.5290306,112
Paklihawa,Rupandehi,Climatology,83.433333333333,27.483333333333,100
Lumbini Mandir,Rupandehi,Climatology,83.276111111111,27.470277777778,95
Lumbini,Rupandehi,Climatology,83.276163888889,27.470263888889,98
Bhairahawa Airport,Rupandehi,Aeronautical,83.420447222222,27.506819444444,108
SURAYPURA,RUPENDEHI,Precipitation,83.310133333333,27.588383333333,114
MARCHABAR,RUPENDEHI,Precipitation,83.382775,27.4676111,104
KABRENETA,SALLYAN,PRECIPITATION,82.287578888889,28.528895,1143
THARMARE,SALLYAN,PRECIPITATION,82.279853055556,28.452255,1338
PAKHAPANI,SALLYAN,PRECIPITATION,82.060421111111,28.448843888889,846
JYAMIRE,SALLYAN,PRECIPITATION,81.993867777778,28.307731111111,649
RAMPUR,SALLYAN,PRECIPITATION,82.057673888889,28.282266944444,696
Salyan Bazar,Salyan,Climatology,82.142251111111,28.382103055556,1557
Luwamjula Bazar,Salyan,Precipitation,82.258006111111,28.296758888889,895
Num,Sankhuwasabha,Precipitation,87.285198,27.555347777778,1494
Chainpur (East),Sankhuwasabha,Climatology,87.3169658,27.2920969,1277
Khare Lalamt,Sankhuwasabha,Precipitation,87.25,27.25,541
Chepuwa,Sankhuwasabha,Precipitation,87.41234,27.753311944444,2039
Tumlingtar,Sankhuwasabha,Precipitation,87.204333333333,27.301277777778,477
Khadbari,Sankhuwasabha,Climatology,87.204383888889,27.391061944444,1064
Phatepur,Saptari,Climatology,86.931448055556,26.736666944444,83
Rajbiraj,Saptari,Climatology,86.742525,26.540705,68
Barmajhiya,Saptari,Precipitation,86.900046,26.5953808,71
Pattharkot(East),Sarlahi,Precipitation,85.659641666667,27.099852777778,189
Manusmara,Sarlahi,Climatology,85.445113888889,26.928005555556,90
Malangwa,Sarlahi,Precipitation,85.557308333333,26.852822222222,87
Karmaiya,Sarlahi,Climatology,85.4837972,27.1318083,139
Sindhuli Madhi,Sindhuli,Climatology,85.9233533,27.2182917,556
Bahun Tilpung,Sindhuli,Precipitation,86.166666666667,27.183333333333,1417
Nepalthok,Sindhuli,Precipitation,85.848644444444,27.419825,690
Hariharpur G,Sindhuli,Precipitation,85.5,27.33333333,880
Hariharpur Gadhi Valley,Sindhuli,Precipitation,85.4564222,27.2944083,230
Dhap,Sindhupalchok,Precipitation,85.632500833333,27.901426,1347
Gumthang,Sindhupalchok,Precipitation,85.8596519,27.85531,1846
Nawalpur,Sindhupalchok,Precipitation,85.6495195,27.9823645,1653
Chautara,Sindhupalchok,Climatology,85.7320778,27.7537833,1552
Sarmathang,Sindhupalchok,Climatology,85.595136111111,27.944561111111,2574
Duwachaur,Sindhupalchok,Precipitation,85.56695,27.857761111111,1483
Bahunipati,Sindhupalchok,Precipitation,85.572661111111,27.792366666667,774
Dhap,Sindhupalchok,Precipitation,85.633379,27.912451944444,1284
Bahrabise,Sindhupalchok,Climatology,85.899985833333,27.788680833333,884
Tarke Ghyang,Sindhupalchok,Precipitation,85.554443888889,27.999317777778,2596
Sangachok,Sindhupalchok,Precipitation,85.706583333333,27.683366666667,1194
Thokarpa,Sindhupalchok,Precipitation,85.778611944444,27.687662777778,1565
Lahan,Siraha,Agrometeorology,86.477195,26.732841944444,110
Siraha,Siraha,Climatology,86.2116578,26.6561208,63
Namche Bazar,Solukhumbu,Climatology,86.716666666667,27.816666666667,3450
Chaurikhark,Solukhumbu,Precipitation,86.7167,27.6965306,2642
Pekarnas,Solukhumbu,Precipitation,86.568568,27.4432169,1945
Khumjung,Solukhumbu,Precipitation,86.716666666667,27.816666666667,3750
Tengboche,Solukhumbu,Climatology,86.7666667,27.8333333,3857
Salleri,Solukhumbu,Climatology,86.586215,27.5051178,2383
Chialsa,Solukhumbu,Agrometeorology,86.616666666667,27.483333333333,2770
Siruwa,Solukhumbu,Precipitation-off,86.372327777778,27.555641944444,1614
Syangboche,Solukhumbu,Climate,86.716666666667,27.816666666667,3700
Syangboche,Solukhumbu,Climate,86.716666666667,27.816666666667,3700
Dharan Bazar,Sunsari,Climatology,87.297777777778,26.792175,310
Chatara,Sunsari,Precipitation,87.159165,26.820435,105
Tarahara,Sunsari,Agrometeorology,87.278737777778,26.698818888889,120
Dharan Briti,Sunsari,Climatology,87.2833333,26.7833333,400
Pusma Camp,Surkhet,Climatology,81.232726111111,28.875515,953
Jamu (Tikuwa Kuna),Surkhet,Precipitation,81.330744444444,28.780969444444,243
Surkhet (Birendra Nagar),Surkhet,Synoptic,81.635161111111,28.587869444444,720
Surkhet Regional Office,Surkhet,Climate,81.624291666667,28.602236111111,720
Surkhet (Birendra Nagar),Surkhet,Synoptic,81.635161111111,28.587869444444,720
BADHICHAUR,SURKHET,PRECIPITATION,81.505613888889,28.713013888889,535
DANDAGAUN,SURKHET,Precipitation,81.783333,28.533333,1371
KHANIKHOLA,SURKHET,PRECIPITATION,81.906300833333,28.521858888889,1335
RAKAM,SURKHET,PRECIPITATION,82.021471944444,28.524535833333,565
MEHALKUNA,SURKHET,Climatology,81.843116666667,28.420947222222,464
KALIDAMAR,SURKHET,PRECIPITATION,81.729408333333,28.420947222222,635
Syangja,Syangia,Climatology,83.872505555556,28.098744444444,871
Tisedi,Syangja,Precipitation,83.766666666667,28.033333333333,1100
Chapkot,Syangja,Climatology,83.845861111111,27.899944444444,617
Walling,Syangja,Precipitation,83.755319444444,27.977311944444,756
Dandaswara,Syangja,Climatology,83.922008333333,28.084922222222,1316
PANCHAMUL,SYANJA,Precipitation,83.770197222222,28.135580555556,1575
CHISAPANI (Syangja),SYANJA,Precipitation,83.963333333333,28.018916666667,1002
JYAGDI,SYANJA,Precipitation,83.871902777778,27.942591666667,455
MALUNGA,SYANJA,Precipitation,83.650547222222,27.930125,764
THAPREK,TANAHU,Precipitation,84.173261111111,28.091116666667,1131
SYAMGHA,TANAHU,PRECIPITATION,84.229122222222,28.040780555556,372
CHUNDI RANGHA,TANAHU,Precipitation,84.365402777778,28.054091666667,527
ATRAULITAR,TANAHU,PRECIPITATION,83.983424,27.870537777778,349
SAKHAR,TANAHU,PRECIPITATION,84.549380555556,27.867411111111,288
KOTAGAUN,TANAHU,PRECIPITATION,84.332991666667,27.758166666667,355
Bandipur,Tanahun,Climatology,84.4063778,27.9418333,991
Khairini Tar,Tanahun,Agrometeorology,84.086602777778,28.026958333333,515
Damauli,Tanahun,Climatology,84.265091666667,27.973675,347
Ramjakot,Tanahun,Precipitation,84.142825,27.902352777778,660
Olangchuhg G,Taplejung,Climatology,87.783333333333,27.683333333333,3119
Lungthung,Taplejung,Precipitation,87.793858888889,27.547311944444,1807
Taplethok,Taplejung,Precipitation,87.773053888889,27.489211944444,1388
Taplejung,Taplejung,Synoptic,87.67,27.358611111111,1744
Khamachin,Taplejung,Climate,87.983333333333,27.733333333333,4242
Nup,Taplejung,Climatology,87.866666666667,27.716666666667,4000
Dovan,Taplejung,Precipitation,87.619915,27.36369,700
Taplejung,Taplejung,Synoptic,87.67,27.358611111111,1744
Terhathum,Terhathum,Climatology,87.53619,27.12304,1525
Udayapur Gadhi,Udayapur,Climatology,86.5396778,26.9129528,469
Gaighat,Udayapur,Precipitation,86.6991678,26.801269,179
